-- Data export from Lovable Cloud (Supabase) to MySQL
-- Generated: 2026-04-22T21:51:35.395539Z
-- Import via phpMyAdmin AFTER importing database-export-mysql.sql

SET FOREIGN_KEY_CHECKS=0;
SET NAMES utf8mb4;

-- ----------------------------------------
-- Table: patients (16 rows)
-- ----------------------------------------
INSERT INTO `patients` (`id`, `first_name`, `last_name`, `email`, `phone`, `date_of_birth`, `sex`, `national_health_number`, `illness`, `address`, `custom_fields`, `created_at`, `updated_at`) VALUES ('20d35b3e-b429-407b-96f6-1978e74e5e68', 'Βασίλειος', 'Νούλης', NULL, '6985563358', '1984-09-10', 'male', NULL, NULL, NULL, '{}', '2026-04-19T09:31:54.115461+00:00', '2026-04-19T09:31:54.115461+00:00');
INSERT INTO `patients` (`id`, `first_name`, `last_name`, `email`, `phone`, `date_of_birth`, `sex`, `national_health_number`, `illness`, `address`, `custom_fields`, `created_at`, `updated_at`) VALUES ('ac170714-07a3-420a-9b78-8b6f75d30419', 'Βασίλης', 'Πολίτης', NULL, '6945980637', '1969-05-17', 'male', '17056904018', 'ΑΥ, Δυσλιπιδαιμία', 'Αφάντου', '{}', '2026-04-18T07:01:32.437838+00:00', '2026-04-21T14:52:26.931034+00:00');
INSERT INTO `patients` (`id`, `first_name`, `last_name`, `email`, `phone`, `date_of_birth`, `sex`, `national_health_number`, `illness`, `address`, `custom_fields`, `created_at`, `updated_at`) VALUES ('39172a26-474f-46bc-b8d2-b66f50121d59', 'Αυγουστίνα', 'Ορφανού', NULL, '6949819273', '1959-01-21', 'female', '21015902741', 'ΑΥ, Δυσλιπιδαιμία', 'Ρόδος', '{}', '2026-04-19T11:07:13.637034+00:00', '2026-04-21T16:24:41.808024+00:00');
INSERT INTO `patients` (`id`, `first_name`, `last_name`, `email`, `phone`, `date_of_birth`, `sex`, `national_health_number`, `illness`, `address`, `custom_fields`, `created_at`, `updated_at`) VALUES ('db52d656-bfd9-43d4-9df2-08fb51955b43', 'Κωνσταντίνος ', 'Ορφανός', NULL, '6947632654', '1951-09-27', 'male', '27095101534', 'AY, υπερουριχαιμία', 'Ρόδος', '{}', '2026-04-19T11:08:10.067532+00:00', '2026-04-21T16:55:44.192719+00:00');
INSERT INTO `patients` (`id`, `first_name`, `last_name`, `email`, `phone`, `date_of_birth`, `sex`, `national_health_number`, `illness`, `address`, `custom_fields`, `created_at`, `updated_at`) VALUES ('dc3c4826-73dc-4810-8fb5-0b168b387f18', 'Τσαμπίκα-Δέσποινα', 'Πολίτη', NULL, NULL, '2002-09-11', 'female', '11090202661', NULL, 'Αφάντου', '{}', '2026-04-21T17:34:46.767025+00:00', '2026-04-21T17:34:46.767025+00:00');
INSERT INTO `patients` (`id`, `first_name`, `last_name`, `email`, `phone`, `date_of_birth`, `sex`, `national_health_number`, `illness`, `address`, `custom_fields`, `created_at`, `updated_at`) VALUES ('065aad0f-384b-4871-8ab6-ae8155ce1f7f', 'Μιχαήλ', 'Λαζαρίδης', NULL, NULL, NULL, 'male', '18017203995', 'Πολυαγγειακός ασθενής', 'Κρεμαστή', '{}', '2026-04-20T06:34:25.160372+00:00', '2026-04-22T14:07:09.644373+00:00');
INSERT INTO `patients` (`id`, `first_name`, `last_name`, `email`, `phone`, `date_of_birth`, `sex`, `national_health_number`, `illness`, `address`, `custom_fields`, `created_at`, `updated_at`) VALUES ('4c2e7b54-489f-4dd1-9ce6-ba822fab9122', 'ΛΙΑΝΑ', 'ΤΣΙΑΡΤΑ', NULL, '6944687313', NULL, NULL, NULL, NULL, NULL, '{}', '2026-04-22T16:50:37.616487+00:00', '2026-04-22T16:51:29.277774+00:00');
INSERT INTO `patients` (`id`, `first_name`, `last_name`, `email`, `phone`, `date_of_birth`, `sex`, `national_health_number`, `illness`, `address`, `custom_fields`, `created_at`, `updated_at`) VALUES ('3db4d0a4-936e-4901-b5fe-19c27dc0391c', 'Αναστασία', 'Νούλη ', 'annouli80@yahoo.com', '6945077647', NULL, NULL, NULL, NULL, NULL, '{}', '2026-02-04T19:31:22.96899+00:00', '2026-02-04T19:31:22.96899+00:00');
INSERT INTO `patients` (`id`, `first_name`, `last_name`, `email`, `phone`, `date_of_birth`, `sex`, `national_health_number`, `illness`, `address`, `custom_fields`, `created_at`, `updated_at`) VALUES ('6b279421-9169-401d-a962-1c9b2daf7250', 'Ιωάννης ', 'Παπαευσταθίου ', 'jpapaefstathiou@gmail.com', '6973398690', NULL, NULL, NULL, NULL, NULL, '{}', '2026-02-04T20:18:12.314239+00:00', '2026-02-04T20:18:12.314239+00:00');
INSERT INTO `patients` (`id`, `first_name`, `last_name`, `email`, `phone`, `date_of_birth`, `sex`, `national_health_number`, `illness`, `address`, `custom_fields`, `created_at`, `updated_at`) VALUES ('51181cb1-7e6a-412b-abbf-8d4b16e412ed', 'Κυριακή', 'Μοσχούς', NULL, NULL, NULL, NULL, NULL, NULL, NULL, '{}', '2026-04-18T07:01:58.432177+00:00', '2026-04-18T07:01:58.432177+00:00');
INSERT INTO `patients` (`id`, `first_name`, `last_name`, `email`, `phone`, `date_of_birth`, `sex`, `national_health_number`, `illness`, `address`, `custom_fields`, `created_at`, `updated_at`) VALUES ('dddc697b-47c6-4c6e-a0d2-09e1e582f5c3', 'Βασίλης', 'Σταυρουλλάκης', 'rodosgraph@gmail.com', '6947995801', '1974-02-11', 'male', '11027401394', 'Κολπική μαρμαρυγή', 'Αλυτρώτων Ελλήνων 11', '{}', '2026-02-04T22:21:35.935626+00:00', '2026-02-04T22:55:52.601986+00:00');
INSERT INTO `patients` (`id`, `first_name`, `last_name`, `email`, `phone`, `date_of_birth`, `sex`, `national_health_number`, `illness`, `address`, `custom_fields`, `created_at`, `updated_at`) VALUES ('758245f3-12bd-4baf-be5c-12a289f2242f', 'ΑΝΑΣΤΑΣΙΑ', 'ΛΥΚΟΥ', 'lykouanastasia@yahoo.gr', '6942204846', NULL, NULL, NULL, NULL, NULL, '{}', '2026-02-05T16:39:30.900651+00:00', '2026-02-05T16:39:30.900651+00:00');
INSERT INTO `patients` (`id`, `first_name`, `last_name`, `email`, `phone`, `date_of_birth`, `sex`, `national_health_number`, `illness`, `address`, `custom_fields`, `created_at`, `updated_at`) VALUES ('363318c2-ea69-43b0-b657-9c7f0e4466f0', 'Ειρηνη', 'Αυγερινού ', 'aug_eirini@hotmail.com', '6942244316', NULL, 'female', '12038702341', NULL, 'ΘΕΟΛΟΓΟΣ ΡΟΔΟΣ', '{}', '2026-02-05T16:44:36.259178+00:00', '2026-04-18T07:24:51.044738+00:00');
INSERT INTO `patients` (`id`, `first_name`, `last_name`, `email`, `phone`, `date_of_birth`, `sex`, `national_health_number`, `illness`, `address`, `custom_fields`, `created_at`, `updated_at`) VALUES ('58bfb7d7-c3c0-4810-b754-15f00d336071', 'Χρυσούλα', 'Κοζά', NULL, '6955564551', '1961-06-07', 'female', '07066102067', 'AY, Δυσλιπιδιαμία', NULL, '{}', '2026-04-18T14:30:30.921023+00:00', '2026-04-19T06:59:38.038892+00:00');
INSERT INTO `patients` (`id`, `first_name`, `last_name`, `email`, `phone`, `date_of_birth`, `sex`, `national_health_number`, `illness`, `address`, `custom_fields`, `created_at`, `updated_at`) VALUES ('ca5e564a-26ee-4b26-baeb-6a451a4ad6bc', 'Ελπίδα', 'Ατσίδη', NULL, '6937294433', '1975-07-01', 'female', '01077503140', NULL, NULL, '{}', '2026-04-19T09:01:07.56163+00:00', '2026-04-19T09:06:00.081289+00:00');
INSERT INTO `patients` (`id`, `first_name`, `last_name`, `email`, `phone`, `date_of_birth`, `sex`, `national_health_number`, `illness`, `address`, `custom_fields`, `created_at`, `updated_at`) VALUES ('ff3f7b61-5296-4454-97dc-fb9e050a40ea', 'Μιχαήλ', 'Κούκουρας', NULL, NULL, NULL, NULL, NULL, 'Αντικατάσταση Αορτικής Βαλβίδας λόγω στένωσης (βιολογική)', 'Πεύκοι', '{}', '2026-04-18T07:00:38.974612+00:00', '2026-04-19T09:07:02.199438+00:00');

-- ----------------------------------------
-- Table: appointments (15 rows)
-- ----------------------------------------
INSERT INTO `appointments` (`id`, `patient_id`, `scheduled_at`, `status`, `notes`, `reason_for_visit`, `booking_source`, `checked_in_at`, `started_at`, `completed_at`, `created_at`, `updated_at`) VALUES ('f2b532c9-223e-4ba5-b5eb-e15b8ce2eac1', 'dddc697b-47c6-4c6e-a0d2-09e1e582f5c3', '2026-04-19T11:00:00+00:00', 'completed', NULL, NULL, 'staff', '2026-04-19T07:27:03.646+00:00', '2026-04-19T07:27:07.328+00:00', '2026-04-19T07:47:09.562+00:00', '2026-04-19T07:26:07.726258+00:00', '2026-04-19T07:47:09.44263+00:00');
INSERT INTO `appointments` (`id`, `patient_id`, `scheduled_at`, `status`, `notes`, `reason_for_visit`, `booking_source`, `checked_in_at`, `started_at`, `completed_at`, `created_at`, `updated_at`) VALUES ('f291769f-7368-4657-b8e9-0e6f784577d4', 'ff3f7b61-5296-4454-97dc-fb9e050a40ea', '2026-04-21T14:00:00+00:00', 'cancelled', NULL, 'Βιολογική Αορτική Βαλβίδα', 'staff', NULL, NULL, NULL, '2026-04-18T07:00:39.296788+00:00', '2026-04-20T16:56:08.019117+00:00');
INSERT INTO `appointments` (`id`, `patient_id`, `scheduled_at`, `status`, `notes`, `reason_for_visit`, `booking_source`, `checked_in_at`, `started_at`, `completed_at`, `created_at`, `updated_at`) VALUES ('bdf202a3-e044-41a6-bc96-fa336f65c1d7', 'db52d656-bfd9-43d4-9df2-08fb51955b43', '2026-04-21T06:00:00+00:00', 'completed', NULL, '19:00', 'staff', '2026-04-21T16:51:42.497+00:00', '2026-04-21T19:30:32.14+00:00', '2026-04-21T19:30:37.003+00:00', '2026-04-19T11:08:10.291564+00:00', '2026-04-21T19:30:36.511787+00:00');
INSERT INTO `appointments` (`id`, `patient_id`, `scheduled_at`, `status`, `notes`, `reason_for_visit`, `booking_source`, `checked_in_at`, `started_at`, `completed_at`, `created_at`, `updated_at`) VALUES ('fe905cfd-c785-4ebf-ac88-11fc7b135035', '39172a26-474f-46bc-b8d2-b66f50121d59', '2026-04-21T16:00:00+00:00', 'completed', NULL, NULL, 'staff', '2026-04-21T16:51:39.628+00:00', '2026-04-21T19:30:42.767+00:00', '2026-04-21T19:30:44.725+00:00', '2026-04-19T11:07:14.00779+00:00', '2026-04-21T19:30:44.236495+00:00');
INSERT INTO `appointments` (`id`, `patient_id`, `scheduled_at`, `status`, `notes`, `reason_for_visit`, `booking_source`, `checked_in_at`, `started_at`, `completed_at`, `created_at`, `updated_at`) VALUES ('1ad9c8e0-cc1e-4cc2-bb34-0369d3e089ed', 'dddc697b-47c6-4c6e-a0d2-09e1e582f5c3', '2026-02-05T07:00:00+00:00', 'completed', NULL, 'Τεστ ', 'staff', '2026-02-04T22:29:12.146+00:00', '2026-02-04T22:30:51.716+00:00', '2026-02-04T22:44:56.3+00:00', '2026-02-04T22:21:36.303086+00:00', '2026-02-04T22:44:56.421669+00:00');
INSERT INTO `appointments` (`id`, `patient_id`, `scheduled_at`, `status`, `notes`, `reason_for_visit`, `booking_source`, `checked_in_at`, `started_at`, `completed_at`, `created_at`, `updated_at`) VALUES ('fe5a594a-5676-4c78-beb7-9fe165e712db', 'ac170714-07a3-420a-9b78-8b6f75d30419', '2026-04-21T15:00:00+00:00', 'completed', NULL, 'Υπνική Άπνοια', 'staff', '2026-04-21T19:31:01.516+00:00', '2026-04-21T19:31:04.73+00:00', '2026-04-21T19:31:06.703+00:00', '2026-04-18T07:01:32.631727+00:00', '2026-04-21T19:31:06.210738+00:00');
INSERT INTO `appointments` (`id`, `patient_id`, `scheduled_at`, `status`, `notes`, `reason_for_visit`, `booking_source`, `checked_in_at`, `started_at`, `completed_at`, `created_at`, `updated_at`) VALUES ('cf9ec946-bc55-4b48-be68-a09b9708bfe4', '065aad0f-384b-4871-8ab6-ae8155ce1f7f', '2026-04-22T14:00:00+00:00', 'completed', NULL, NULL, 'staff', '2026-04-22T13:53:10.878+00:00', '2026-04-22T16:49:31.807+00:00', '2026-04-22T16:49:34.492+00:00', '2026-04-20T06:34:25.414887+00:00', '2026-04-22T16:49:34.337111+00:00');
INSERT INTO `appointments` (`id`, `patient_id`, `scheduled_at`, `status`, `notes`, `reason_for_visit`, `booking_source`, `checked_in_at`, `started_at`, `completed_at`, `created_at`, `updated_at`) VALUES ('17c8fef4-17c8-452f-adae-7cb0dc048731', '4c2e7b54-489f-4dd1-9ce6-ba822fab9122', '2026-04-29T14:00:00+00:00', 'scheduled', NULL, 'ΠΡΟΣΥΜΠΤΩΜΑΤΙΚΟΣ ΕΛΕΓΧΟΣ', 'staff', NULL, NULL, NULL, '2026-04-22T16:50:37.780524+00:00', '2026-04-22T16:50:37.780524+00:00');
INSERT INTO `appointments` (`id`, `patient_id`, `scheduled_at`, `status`, `notes`, `reason_for_visit`, `booking_source`, `checked_in_at`, `started_at`, `completed_at`, `created_at`, `updated_at`) VALUES ('75884dcd-a55b-44fb-8f87-82ba15b1f6cf', 'dddc697b-47c6-4c6e-a0d2-09e1e582f5c3', '2026-02-23T08:00:00+00:00', 'cancelled', NULL, 'test', 'staff', '2026-02-18T22:42:04.403+00:00', NULL, NULL, '2026-02-18T22:18:01.162159+00:00', '2026-02-18T22:42:24.712377+00:00');
INSERT INTO `appointments` (`id`, `patient_id`, `scheduled_at`, `status`, `notes`, `reason_for_visit`, `booking_source`, `checked_in_at`, `started_at`, `completed_at`, `created_at`, `updated_at`) VALUES ('aa97037b-9272-4380-abc7-138e73ba844f', 'dddc697b-47c6-4c6e-a0d2-09e1e582f5c3', '2026-03-13T07:30:00+00:00', 'cancelled', NULL, 'Check', 'staff', NULL, NULL, NULL, '2026-03-12T20:42:57.161698+00:00', '2026-03-12T20:43:22.21436+00:00');
INSERT INTO `appointments` (`id`, `patient_id`, `scheduled_at`, `status`, `notes`, `reason_for_visit`, `booking_source`, `checked_in_at`, `started_at`, `completed_at`, `created_at`, `updated_at`) VALUES ('90866a62-4fc4-4330-8b6e-efc8735f6d8c', '363318c2-ea69-43b0-b657-9c7f0e4466f0', '2026-02-09T09:00:00+00:00', 'cancelled', NULL, 'Δηακεβ', 'patient', NULL, NULL, NULL, '2026-02-05T16:44:36.465401+00:00', '2026-03-12T20:43:27.913856+00:00');
INSERT INTO `appointments` (`id`, `patient_id`, `scheduled_at`, `status`, `notes`, `reason_for_visit`, `booking_source`, `checked_in_at`, `started_at`, `completed_at`, `created_at`, `updated_at`) VALUES ('a14d8c03-4fcf-4c76-b0da-e9ffdcbac0ce', '758245f3-12bd-4baf-be5c-12a289f2242f', '2026-02-11T07:00:00+00:00', 'cancelled', NULL, 'Έλεγχος', 'patient', NULL, NULL, NULL, '2026-02-05T16:39:31.099824+00:00', '2026-03-12T20:43:29.780693+00:00');
INSERT INTO `appointments` (`id`, `patient_id`, `scheduled_at`, `status`, `notes`, `reason_for_visit`, `booking_source`, `checked_in_at`, `started_at`, `completed_at`, `created_at`, `updated_at`) VALUES ('e5ad58dc-c278-49d4-8ad1-0cb88aaa32d0', '6b279421-9169-401d-a962-1c9b2daf7250', '2026-02-09T08:00:00+00:00', 'cancelled', NULL, NULL, 'patient', NULL, NULL, NULL, '2026-02-04T20:18:12.586879+00:00', '2026-03-12T20:43:31.517277+00:00');
INSERT INTO `appointments` (`id`, `patient_id`, `scheduled_at`, `status`, `notes`, `reason_for_visit`, `booking_source`, `checked_in_at`, `started_at`, `completed_at`, `created_at`, `updated_at`) VALUES ('89a9a2fd-5161-42e5-b618-828e02e3e2ab', '3db4d0a4-936e-4901-b5fe-19c27dc0391c', '2026-02-09T09:30:00+00:00', 'cancelled', NULL, 'Check up', 'patient', NULL, NULL, NULL, '2026-02-04T19:31:23.286033+00:00', '2026-03-12T20:43:33.787584+00:00');
INSERT INTO `appointments` (`id`, `patient_id`, `scheduled_at`, `status`, `notes`, `reason_for_visit`, `booking_source`, `checked_in_at`, `started_at`, `completed_at`, `created_at`, `updated_at`) VALUES ('02eaf976-ebdd-4f83-9b76-37bf9ec5175c', '51181cb1-7e6a-412b-abbf-8d4b16e412ed', '2026-04-24T14:00:00+00:00', 'scheduled', NULL, 'Έλεγχος', 'staff', NULL, NULL, NULL, '2026-04-18T07:01:58.584448+00:00', '2026-04-18T07:01:58.584448+00:00');

-- ----------------------------------------
-- Table: clinical_notes (16 rows)
-- ----------------------------------------
INSERT INTO `clinical_notes` (`id`, `patient_id`, `appointment_id`, `note_text`, `created_at`, `updated_at`) VALUES ('11cb0544-a83d-4178-9a34-f5acbc35d7ce', 'dddc697b-47c6-4c6e-a0d2-09e1e582f5c3', NULL, 'παλμοί καρδιάς = 65, φλεβική πίεση 8,2 - 11,1', '2026-02-04T22:44:31.460551+00:00', '2026-02-04T22:44:31.460551+00:00');
INSERT INTO `clinical_notes` (`id`, `patient_id`, `appointment_id`, `note_text`, `created_at`, `updated_at`) VALUES ('2a6c7410-d562-4908-8d15-e8d29666663b', '363318c2-ea69-43b0-b657-9c7f0e4466f0', NULL, 'Κολπικές εκτακτες, τοποθετήθηκε holter 7.000/24h', '2026-04-18T07:24:11.139882+00:00', '2026-04-18T07:24:11.139882+00:00');
INSERT INTO `clinical_notes` (`id`, `patient_id`, `appointment_id`, `note_text`, `created_at`, `updated_at`) VALUES ('83ce44ee-9ece-49f0-ab3b-271096b47c86', '58bfb7d7-c3c0-4810-b754-15f00d336071', NULL, 'α/α ΑΥ, Δυσλιπιδαιμία
Χρ.Αγωγή: C0-Diovan 160/12,5 mg πρωι, Diovan 160 mg βράδυ.
ΟΔΗΓΙΕΣ: διακοπή Diovan 160mg και έναρξη tbl Lercadip 10mg (με σκοπό για 20mg)
Σε 2ο χρόνο Σπινθηρογράφημα Μυοκαρδίου (Αθήνα) για διερεύνηση άτυπων θωρακικών αλγών.', '2026-04-19T07:33:29.053579+00:00', '2026-04-19T07:33:29.053579+00:00');
INSERT INTO `clinical_notes` (`id`, `patient_id`, `appointment_id`, `note_text`, `created_at`, `updated_at`) VALUES ('5ccbdfb6-332f-4adf-81ff-fe1fab93adc0', '58bfb7d7-c3c0-4810-b754-15f00d336071', NULL, 'Αναμονή Ε/Ε', '2026-04-19T07:35:17.902369+00:00', '2026-04-19T07:35:17.902369+00:00');
INSERT INTO `clinical_notes` (`id`, `patient_id`, `appointment_id`, `note_text`, `created_at`, `updated_at`) VALUES ('24e1296f-44e4-4074-b640-9b0eddeb7c7f', 'ca5e564a-26ee-4b26-baeb-6a451a4ad6bc', NULL, 'Α/Α Δυσλιπιδαιμία υπό αγωγή με lipitor (LDL=119 με διαλείπουσα λήψη)
Πρόσφατο επεισόδιο Παροδικής Σφαιρικής Αμνησίας .
Εκ του Triplex καρωτίδων μικρή αθηρωματική πλάκα ΔΕ καρωτιδικού βολβού.
Συνταγογραφήθηκε εκτενής Ε/Ε και αξονική στεφανιογραφία', '2026-04-19T09:04:29.404806+00:00', '2026-04-19T09:04:29.404806+00:00');
INSERT INTO `clinical_notes` (`id`, `patient_id`, `appointment_id`, `note_text`, `created_at`, `updated_at`) VALUES ('935ad7b0-108e-47d6-8cde-51ed420a2da5', '39172a26-474f-46bc-b8d2-b66f50121d59', NULL, 'Χρόνια Αγωγή: Antorcin 20mg, Eythyrox 100mcgr, Coveram 5/5mg, One-Alpha', '2026-04-21T16:26:01.041117+00:00', '2026-04-21T16:26:01.041117+00:00');
INSERT INTO `clinical_notes` (`id`, `patient_id`, `appointment_id`, `note_text`, `created_at`, `updated_at`) VALUES ('b60c3964-bf07-428d-9d76-42b391ab3e29', 'db52d656-bfd9-43d4-9df2-08fb51955b43', NULL, 'Χρόνια Αγωγή: CoAprovel 150/12,5mg, tbl Diamicron 30mg 1/2x1, Concor 10mg 1/2x1', '2026-04-21T16:54:53.994014+00:00', '2026-04-21T16:54:53.994014+00:00');
INSERT INTO `clinical_notes` (`id`, `patient_id`, `appointment_id`, `note_text`, `created_at`, `updated_at`) VALUES ('f2433a45-9e21-4d19-bf8b-019d1228fce4', 'db52d656-bfd9-43d4-9df2-08fb51955b43', NULL, 'Χρόνια αγωγή: Zylapour 300mg', '2026-04-21T16:56:05.206701+00:00', '2026-04-21T16:56:05.206701+00:00');
INSERT INTO `clinical_notes` (`id`, `patient_id`, `appointment_id`, `note_text`, `created_at`, `updated_at`) VALUES ('2c50db77-9ffa-4ef6-953f-73b1bdc8ca0d', 'db52d656-bfd9-43d4-9df2-08fb51955b43', NULL, 'Ήπια διάταση Αν.Αορτής
Σύσταση για Triplex καρωτίδων', '2026-04-21T17:31:02.206569+00:00', '2026-04-21T17:31:02.206569+00:00');
INSERT INTO `clinical_notes` (`id`, `patient_id`, `appointment_id`, `note_text`, `created_at`, `updated_at`) VALUES ('0b6f3642-d55a-4b3d-8ddf-beefc0a85247', '39172a26-474f-46bc-b8d2-b66f50121d59', NULL, 'Σύσταση για Triplex καρωτίδων', '2026-04-21T17:31:34.357102+00:00', '2026-04-21T17:31:34.357102+00:00');
INSERT INTO `clinical_notes` (`id`, `patient_id`, `appointment_id`, `note_text`, `created_at`, `updated_at`) VALUES ('f3a9cb7d-91ba-41a7-ba98-616e254283ce', 'ac170714-07a3-420a-9b78-8b6f75d30419', NULL, 'ΑΥ, Δυλιπιδαιμία
Χρ. Αγωγή: tbl Rosuben 5mg, tbl Triplixam 10/2,5/5mg', '2026-04-21T17:33:11.515736+00:00', '2026-04-21T17:33:11.515736+00:00');
INSERT INTO `clinical_notes` (`id`, `patient_id`, `appointment_id`, `note_text`, `created_at`, `updated_at`) VALUES ('2f9f37c8-208e-4655-9326-6f20a0a0ccf4', 'ac170714-07a3-420a-9b78-8b6f75d30419', NULL, 'Σύσταση για: Ε/Ε, Triplex καρωτίδων, Μελέτη Ύπνου', '2026-04-21T17:33:48.828548+00:00', '2026-04-21T17:33:48.828548+00:00');
INSERT INTO `clinical_notes` (`id`, `patient_id`, `appointment_id`, `note_text`, `created_at`, `updated_at`) VALUES ('da6a08f1-879c-4b2d-8123-3c4da28fa585', 'ac170714-07a3-420a-9b78-8b6f75d30419', NULL, 'Δοκιμασία κοπώσεως μεγίστη αρνητική', '2026-04-21T17:34:04.200762+00:00', '2026-04-21T17:34:04.200762+00:00');
INSERT INTO `clinical_notes` (`id`, `patient_id`, `appointment_id`, `note_text`, `created_at`, `updated_at`) VALUES ('62a9811c-c2cc-4f4f-84cb-cbb7cbd8dbc6', 'dc3c4826-73dc-4810-8fb5-0b168b387f18', NULL, 'Α/Α επιληψίας υπό αγωγή, Παρακολούθηση θυρεοειδικής λειτουργίας', '2026-04-21T17:35:33.148404+00:00', '2026-04-21T17:35:33.148404+00:00');
INSERT INTO `clinical_notes` (`id`, `patient_id`, `appointment_id`, `note_text`, `created_at`, `updated_at`) VALUES ('dacbccb1-7ac7-4987-b7c2-2056e468e399', '065aad0f-384b-4871-8ab6-ae8155ce1f7f', NULL, 'Έγραψα λεπτομερές ιστορικό.
Δόθηκε γνωμάτευση για επιτροπή Αστυνομίας', '2026-04-22T16:37:23.354397+00:00', '2026-04-22T16:37:23.354397+00:00');
INSERT INTO `clinical_notes` (`id`, `patient_id`, `appointment_id`, `note_text`, `created_at`, `updated_at`) VALUES ('d2386c71-b54e-4000-8d3f-72d31109370f', '065aad0f-384b-4871-8ab6-ae8155ce1f7f', NULL, 'Ετέθη holter', '2026-04-22T16:37:33.448997+00:00', '2026-04-22T16:37:33.448997+00:00');

-- ----------------------------------------
-- Table: patient_files (25 rows)
-- ----------------------------------------
INSERT INTO `patient_files` (`id`, `patient_id`, `file_name`, `file_url`, `file_type`, `created_at`) VALUES ('a4a1555b-6b51-40d1-b216-dcf727b26f85', 'dddc697b-47c6-4c6e-a0d2-09e1e582f5c3', 'istockphoto-472681686-612x612.jpg', 'dddc697b-47c6-4c6e-a0d2-09e1e582f5c3/1770245079358.jpg', 'image/jpeg', '2026-02-04T22:44:39.909235+00:00');
INSERT INTO `patient_files` (`id`, `patient_id`, `file_name`, `file_url`, `file_type`, `created_at`) VALUES ('4c868d7e-d043-4ce0-ab4e-7ead5a3695b0', 'dddc697b-47c6-4c6e-a0d2-09e1e582f5c3', 'cardXplore_sample_report.pdf', 'dddc697b-47c6-4c6e-a0d2-09e1e582f5c3/1770246956491.pdf', 'application/pdf', '2026-02-04T23:15:57.33456+00:00');
INSERT INTO `patient_files` (`id`, `patient_id`, `file_name`, `file_url`, `file_type`, `created_at`) VALUES ('aaaaf326-9098-46d3-9f62-46ae5f515f76', '363318c2-ea69-43b0-b657-9c7f0e4466f0', 'IMG-c77c664420b583b159185bfb477ed9bc-V.jpg', '363318c2-ea69-43b0-b657-9c7f0e4466f0/1776496985289.jpg', 'image/jpeg', '2026-04-18T07:23:06.183289+00:00');
INSERT INTO `patient_files` (`id`, `patient_id`, `file_name`, `file_url`, `file_type`, `created_at`) VALUES ('05618b9d-5dc3-4fad-b973-5976c098de56', '58bfb7d7-c3c0-4810-b754-15f00d336071', 'Κόζα Χρυσούλα 04-2024.doc', '58bfb7d7-c3c0-4810-b754-15f00d336071/1776582007657.doc', 'application/msword', '2026-04-19T07:00:08.110779+00:00');
INSERT INTO `patient_files` (`id`, `patient_id`, `file_name`, `file_url`, `file_type`, `created_at`) VALUES ('402d12af-aa2f-4a48-925d-7b1306ffe56c', '58bfb7d7-c3c0-4810-b754-15f00d336071', 'ΚΟΖΑ ΧΡΥΣΟΥΛΑ.pdf', '58bfb7d7-c3c0-4810-b754-15f00d336071/1776582019874.pdf', 'application/pdf', '2026-04-19T07:00:20.026922+00:00');
INSERT INTO `patient_files` (`id`, `patient_id`, `file_name`, `file_url`, `file_type`, `created_at`) VALUES ('36f3377b-9ffe-4e0d-a8f1-21013c05d312', '58bfb7d7-c3c0-4810-b754-15f00d336071', 'KOZA CHRYSOULA.pdf', '58bfb7d7-c3c0-4810-b754-15f00d336071/1776582041982.pdf', 'application/pdf', '2026-04-19T07:00:43.02883+00:00');
INSERT INTO `patient_files` (`id`, `patient_id`, `file_name`, `file_url`, `file_type`, `created_at`) VALUES ('92c1141d-ff53-43ce-8d70-6f10b67b6165', '58bfb7d7-c3c0-4810-b754-15f00d336071', 'KOZA CHRYSOULA2.pdf', '58bfb7d7-c3c0-4810-b754-15f00d336071/1776582051831.pdf', 'application/pdf', '2026-04-19T07:00:51.880388+00:00');
INSERT INTO `patient_files` (`id`, `patient_id`, `file_name`, `file_url`, `file_type`, `created_at`) VALUES ('e65a937a-91e3-4cd0-a2d8-4087b29ea98e', 'ca5e564a-26ee-4b26-baeb-6a451a4ad6bc', 'Ατσίδη Ελπίδα 04-2026.doc', 'ca5e564a-26ee-4b26-baeb-6a451a4ad6bc/1776589482769.doc', 'application/msword', '2026-04-19T09:04:43.755119+00:00');
INSERT INTO `patient_files` (`id`, `patient_id`, `file_name`, `file_url`, `file_type`, `created_at`) VALUES ('9e380a02-ff2c-4d1e-851c-a24c512f5d62', 'ca5e564a-26ee-4b26-baeb-6a451a4ad6bc', 'ΑΤΣΙΔΗ ΕΛΠΙΔΑ.pdf', 'ca5e564a-26ee-4b26-baeb-6a451a4ad6bc/1776589490897.pdf', 'application/pdf', '2026-04-19T09:04:51.321052+00:00');
INSERT INTO `patient_files` (`id`, `patient_id`, `file_name`, `file_url`, `file_type`, `created_at`) VALUES ('e8e134b6-ebda-4f16-bb42-347b15c8f3b1', 'ca5e564a-26ee-4b26-baeb-6a451a4ad6bc', 'ATSIDI ELPIDA.pdf', 'ca5e564a-26ee-4b26-baeb-6a451a4ad6bc/1776589500664.pdf', 'application/pdf', '2026-04-19T09:05:02.484108+00:00');
INSERT INTO `patient_files` (`id`, `patient_id`, `file_name`, `file_url`, `file_type`, `created_at`) VALUES ('8b599aec-8205-4b81-8d15-9543f7ae0680', '20d35b3e-b429-407b-96f6-1978e74e5e68', 'NOULIS VASILEIOS.pdf', '20d35b3e-b429-407b-96f6-1978e74e5e68/1776591134463.pdf', 'application/pdf', '2026-04-19T09:32:15.579311+00:00');
INSERT INTO `patient_files` (`id`, `patient_id`, `file_name`, `file_url`, `file_type`, `created_at`) VALUES ('67da20c1-0c01-4c3f-b70d-c26c52ce6454', '20d35b3e-b429-407b-96f6-1978e74e5e68', 'ΝΟΥΛΗΣ ΒΑΣΙΛΕΙΟΣ.pdf', '20d35b3e-b429-407b-96f6-1978e74e5e68/1776591148715.pdf', 'application/pdf', '2026-04-19T09:32:29.18268+00:00');
INSERT INTO `patient_files` (`id`, `patient_id`, `file_name`, `file_url`, `file_type`, `created_at`) VALUES ('ec2f974d-bf50-4463-b1b2-6451a7b5b8a1', 'db52d656-bfd9-43d4-9df2-08fb51955b43', 'ΟΡΦΑΝΟΣ ΚΩΝΣΤΑΝΤΙΝΟΣ.pdf', 'db52d656-bfd9-43d4-9df2-08fb51955b43/1776792571590.pdf', 'application/pdf', '2026-04-21T17:29:32.680266+00:00');
INSERT INTO `patient_files` (`id`, `patient_id`, `file_name`, `file_url`, `file_type`, `created_at`) VALUES ('81ac6ef7-7e67-4110-ad12-e90f5dc7e8e1', 'db52d656-bfd9-43d4-9df2-08fb51955b43', 'ORFANOS KONSTANTINOS.pdf', 'db52d656-bfd9-43d4-9df2-08fb51955b43/1776792591813.pdf', 'application/pdf', '2026-04-21T17:29:53.639296+00:00');
INSERT INTO `patient_files` (`id`, `patient_id`, `file_name`, `file_url`, `file_type`, `created_at`) VALUES ('f8550c7d-71e8-4bc4-b142-c1644c384147', 'db52d656-bfd9-43d4-9df2-08fb51955b43', 'Ορφανός Κωνσταντίνος 04-2026.doc', 'db52d656-bfd9-43d4-9df2-08fb51955b43/1776792600850.doc', 'application/msword', '2026-04-21T17:30:01.59449+00:00');
INSERT INTO `patient_files` (`id`, `patient_id`, `file_name`, `file_url`, `file_type`, `created_at`) VALUES ('f969bcb0-95bb-4be8-a288-c83ea5599822', '39172a26-474f-46bc-b8d2-b66f50121d59', 'Ορφανού Αυγουστίνα 04-2026.doc', '39172a26-474f-46bc-b8d2-b66f50121d59/1776792700290.doc', 'application/msword', '2026-04-21T17:31:41.321515+00:00');
INSERT INTO `patient_files` (`id`, `patient_id`, `file_name`, `file_url`, `file_type`, `created_at`) VALUES ('4c6891bd-7d88-4504-ae04-d38f166159dc', '39172a26-474f-46bc-b8d2-b66f50121d59', 'ΟΡΦΑΝΟΥ ΑΥΓΟΥΣΤΙΝΑ.pdf', '39172a26-474f-46bc-b8d2-b66f50121d59/1776792709317.pdf', 'application/pdf', '2026-04-21T17:31:49.877078+00:00');
INSERT INTO `patient_files` (`id`, `patient_id`, `file_name`, `file_url`, `file_type`, `created_at`) VALUES ('db45ff99-676d-4ec1-a2d0-d56e5c34f02f', '39172a26-474f-46bc-b8d2-b66f50121d59', 'ORFANOU AVGOUSTINA.pdf', '39172a26-474f-46bc-b8d2-b66f50121d59/1776792723898.pdf', 'application/pdf', '2026-04-21T17:32:05.433871+00:00');
INSERT INTO `patient_files` (`id`, `patient_id`, `file_name`, `file_url`, `file_type`, `created_at`) VALUES ('d232906a-63f0-46b3-b461-8601b1394b87', 'dc3c4826-73dc-4810-8fb5-0b168b387f18', 'POLITI TSAMPIKA DESPOINA.pdf', 'dc3c4826-73dc-4810-8fb5-0b168b387f18/1776792939806.pdf', 'application/pdf', '2026-04-21T17:35:41.675647+00:00');
INSERT INTO `patient_files` (`id`, `patient_id`, `file_name`, `file_url`, `file_type`, `created_at`) VALUES ('df5c7245-8702-4578-b96a-68cb2cd06a09', 'dc3c4826-73dc-4810-8fb5-0b168b387f18', 'ΠΟΛΙΤΗ ΤΣΑΜΠΙΚΑ-ΔΕΣΠΟΙΝΑ.pdf', 'dc3c4826-73dc-4810-8fb5-0b168b387f18/1776792951199.pdf', 'application/pdf', '2026-04-21T17:35:51.800685+00:00');
INSERT INTO `patient_files` (`id`, `patient_id`, `file_name`, `file_url`, `file_type`, `created_at`) VALUES ('ff7fb563-6f1b-42e8-b497-f32365ac6050', 'dc3c4826-73dc-4810-8fb5-0b168b387f18', 'Πολίτη Τσαμπίκα-Δέσποινα 04-2026.doc', 'dc3c4826-73dc-4810-8fb5-0b168b387f18/1776792963425.doc', 'application/msword', '2026-04-21T17:36:04.05338+00:00');
INSERT INTO `patient_files` (`id`, `patient_id`, `file_name`, `file_url`, `file_type`, `created_at`) VALUES ('0a104eba-8119-419f-acf8-1d691555a5fb', '065aad0f-384b-4871-8ab6-ae8155ce1f7f', 'Λαζαρίδης Μιχαήλ.docx', '065aad0f-384b-4871-8ab6-ae8155ce1f7f/1776875748159.docx', 'application/vnd.openxmlformats-officedocument.wordprocessingml.document', '2026-04-22T16:35:49.481327+00:00');
INSERT INTO `patient_files` (`id`, `patient_id`, `file_name`, `file_url`, `file_type`, `created_at`) VALUES ('0e55879e-4ffe-41ce-b225-7d7396081e37', '065aad0f-384b-4871-8ab6-ae8155ce1f7f', 'Λαζαρίδης Μιχαήλ 04-2026.doc', '065aad0f-384b-4871-8ab6-ae8155ce1f7f/1776875758986.doc', 'application/msword', '2026-04-22T16:35:59.471437+00:00');
INSERT INTO `patient_files` (`id`, `patient_id`, `file_name`, `file_url`, `file_type`, `created_at`) VALUES ('842e6b66-8bdb-4b2c-85af-c1cd7f276902', '065aad0f-384b-4871-8ab6-ae8155ce1f7f', 'ΛΑΖΑΡΙΔΙΗΣ ΜΙΧΑΗΛ.pdf', '065aad0f-384b-4871-8ab6-ae8155ce1f7f/1776875778391.pdf', 'application/pdf', '2026-04-22T16:36:18.565722+00:00');
INSERT INTO `patient_files` (`id`, `patient_id`, `file_name`, `file_url`, `file_type`, `created_at`) VALUES ('99b3c892-0d15-4137-94c0-93ad952b0111', '065aad0f-384b-4871-8ab6-ae8155ce1f7f', 'LAZARIDIS MICHAIL.pdf', '065aad0f-384b-4871-8ab6-ae8155ce1f7f/1776875789210.pdf', 'application/pdf', '2026-04-22T16:36:31.979628+00:00');

-- ----------------------------------------
-- Table: patient_checkins (0 rows)
-- ----------------------------------------
-- (no rows)

-- ----------------------------------------
-- Table: notification_logs (31 rows)
-- ----------------------------------------
INSERT INTO `notification_logs` (`id`, `patient_id`, `appointment_id`, `notification_type`, `message`, `sent_at`) VALUES ('e6b6682f-21dc-4892-8a94-ec01483e5b1f', '3db4d0a4-936e-4901-b5fe-19c27dc0391c', '89a9a2fd-5161-42e5-b618-828e02e3e2ab', 'reschedule', 'Appointment rescheduled from 2026-02-09 09:00 to 2026-02-09 10:30', '2026-02-04T19:57:07.472673+00:00');
INSERT INTO `notification_logs` (`id`, `patient_id`, `appointment_id`, `notification_type`, `message`, `sent_at`) VALUES ('786138c0-96f3-4302-b888-efef965fc3cd', 'dddc697b-47c6-4c6e-a0d2-09e1e582f5c3', '1ad9c8e0-cc1e-4cc2-bb34-0369d3e089ed', 'status_change', 'Appointment status changed to in progress', '2026-02-04T22:30:51.947291+00:00');
INSERT INTO `notification_logs` (`id`, `patient_id`, `appointment_id`, `notification_type`, `message`, `sent_at`) VALUES ('b83be015-bb07-42bf-8e0a-b1e44b9f2b80', 'dddc697b-47c6-4c6e-a0d2-09e1e582f5c3', '1ad9c8e0-cc1e-4cc2-bb34-0369d3e089ed', 'status_change', 'Appointment status changed to completed', '2026-02-04T22:44:56.555454+00:00');
INSERT INTO `notification_logs` (`id`, `patient_id`, `appointment_id`, `notification_type`, `message`, `sent_at`) VALUES ('b1c14f3f-9845-4514-84df-a2c1189fc812', '3db4d0a4-936e-4901-b5fe-19c27dc0391c', '89a9a2fd-5161-42e5-b618-828e02e3e2ab', 'reschedule', 'Appointment rescheduled from 2026-02-09 10:30 to 2026-02-09 11:30', '2026-02-07T15:31:12.461659+00:00');
INSERT INTO `notification_logs` (`id`, `patient_id`, `appointment_id`, `notification_type`, `message`, `sent_at`) VALUES ('b8254e4a-81bf-4646-a8b3-1eeb2ea25475', 'dddc697b-47c6-4c6e-a0d2-09e1e582f5c3', '75884dcd-a55b-44fb-8f87-82ba15b1f6cf', 'reschedule', 'Appointment rescheduled from 2026-02-20 09:30 to 2026-02-20 10:30', '2026-02-18T22:18:32.378105+00:00');
INSERT INTO `notification_logs` (`id`, `patient_id`, `appointment_id`, `notification_type`, `message`, `sent_at`) VALUES ('4f17b68a-8e09-499c-ad0b-74b60d7a98e3', 'dddc697b-47c6-4c6e-a0d2-09e1e582f5c3', '75884dcd-a55b-44fb-8f87-82ba15b1f6cf', 'reschedule', 'Appointment rescheduled from 2026-02-20 10:30 to 2026-02-23 10:00', '2026-02-18T22:27:20.78322+00:00');
INSERT INTO `notification_logs` (`id`, `patient_id`, `appointment_id`, `notification_type`, `message`, `sent_at`) VALUES ('60621495-d5ff-4315-b8df-0ba81176989e', 'dddc697b-47c6-4c6e-a0d2-09e1e582f5c3', '75884dcd-a55b-44fb-8f87-82ba15b1f6cf', 'reminder', 'Appointment reminder sent via SMS', '2026-02-18T22:29:36.911217+00:00');
INSERT INTO `notification_logs` (`id`, `patient_id`, `appointment_id`, `notification_type`, `message`, `sent_at`) VALUES ('a7c5e0b2-89c3-4bef-9769-754d3aa75ad5', 'dddc697b-47c6-4c6e-a0d2-09e1e582f5c3', '75884dcd-a55b-44fb-8f87-82ba15b1f6cf', 'status_change', 'Appointment status changed to cancelled', '2026-02-18T22:42:24.856491+00:00');
INSERT INTO `notification_logs` (`id`, `patient_id`, `appointment_id`, `notification_type`, `message`, `sent_at`) VALUES ('977cf33d-c134-4928-9cf1-619d7e79bd2e', 'dddc697b-47c6-4c6e-a0d2-09e1e582f5c3', 'aa97037b-9272-4380-abc7-138e73ba844f', 'status_change', 'Appointment status changed to cancelled', '2026-03-12T20:43:22.383649+00:00');
INSERT INTO `notification_logs` (`id`, `patient_id`, `appointment_id`, `notification_type`, `message`, `sent_at`) VALUES ('7587a4ab-7dc2-4352-8ef7-343aab73ff21', '363318c2-ea69-43b0-b657-9c7f0e4466f0', '90866a62-4fc4-4330-8b6e-efc8735f6d8c', 'status_change', 'Appointment status changed to cancelled', '2026-03-12T20:43:28.033427+00:00');
INSERT INTO `notification_logs` (`id`, `patient_id`, `appointment_id`, `notification_type`, `message`, `sent_at`) VALUES ('0e03736d-e9dd-4a6d-ba2b-41151d10de83', '758245f3-12bd-4baf-be5c-12a289f2242f', 'a14d8c03-4fcf-4c76-b0da-e9ffdcbac0ce', 'status_change', 'Appointment status changed to cancelled', '2026-03-12T20:43:29.895198+00:00');
INSERT INTO `notification_logs` (`id`, `patient_id`, `appointment_id`, `notification_type`, `message`, `sent_at`) VALUES ('35de5b56-bcf2-4485-8287-3f4374ad7371', '6b279421-9169-401d-a962-1c9b2daf7250', 'e5ad58dc-c278-49d4-8ad1-0cb88aaa32d0', 'status_change', 'Appointment status changed to cancelled', '2026-03-12T20:43:31.624901+00:00');
INSERT INTO `notification_logs` (`id`, `patient_id`, `appointment_id`, `notification_type`, `message`, `sent_at`) VALUES ('9d51924d-a7b7-45ef-aa9f-d091605f6a10', '3db4d0a4-936e-4901-b5fe-19c27dc0391c', '89a9a2fd-5161-42e5-b618-828e02e3e2ab', 'status_change', 'Appointment status changed to cancelled', '2026-03-12T20:43:33.905623+00:00');
INSERT INTO `notification_logs` (`id`, `patient_id`, `appointment_id`, `notification_type`, `message`, `sent_at`) VALUES ('b22331bc-cd58-44e8-8845-f4ed2b724ee7', 'dddc697b-47c6-4c6e-a0d2-09e1e582f5c3', 'f2b532c9-223e-4ba5-b5eb-e15b8ce2eac1', 'status_change', 'Appointment status changed to arrived', '2026-04-19T07:27:03.64716+00:00');
INSERT INTO `notification_logs` (`id`, `patient_id`, `appointment_id`, `notification_type`, `message`, `sent_at`) VALUES ('a2d83a01-f081-4eee-8feb-478f17e4c56a', 'dddc697b-47c6-4c6e-a0d2-09e1e582f5c3', 'f2b532c9-223e-4ba5-b5eb-e15b8ce2eac1', 'status_change', 'Appointment status changed to in progress', '2026-04-19T07:27:07.157532+00:00');
INSERT INTO `notification_logs` (`id`, `patient_id`, `appointment_id`, `notification_type`, `message`, `sent_at`) VALUES ('d36d5388-9067-408d-873a-b830cad9d915', 'dddc697b-47c6-4c6e-a0d2-09e1e582f5c3', 'f2b532c9-223e-4ba5-b5eb-e15b8ce2eac1', 'status_change', 'Appointment status changed to completed', '2026-04-19T07:47:09.63325+00:00');
INSERT INTO `notification_logs` (`id`, `patient_id`, `appointment_id`, `notification_type`, `message`, `sent_at`) VALUES ('693f856b-7b07-408d-9c2f-f80cd04b1a9c', 'ff3f7b61-5296-4454-97dc-fb9e050a40ea', 'f291769f-7368-4657-b8e9-0e6f784577d4', 'status_change', 'Appointment status changed to cancelled', '2026-04-20T16:56:08.203276+00:00');
INSERT INTO `notification_logs` (`id`, `patient_id`, `appointment_id`, `notification_type`, `message`, `sent_at`) VALUES ('59e0e419-84de-4166-9637-68a692460bd7', '39172a26-474f-46bc-b8d2-b66f50121d59', 'fe905cfd-c785-4ebf-ac88-11fc7b135035', 'status_change', 'Appointment status changed to arrived', '2026-04-21T16:51:40.068381+00:00');
INSERT INTO `notification_logs` (`id`, `patient_id`, `appointment_id`, `notification_type`, `message`, `sent_at`) VALUES ('d889edc0-e78d-41f7-86fe-d94705559e08', 'db52d656-bfd9-43d4-9df2-08fb51955b43', 'bdf202a3-e044-41a6-bc96-fa336f65c1d7', 'status_change', 'Appointment status changed to arrived', '2026-04-21T16:51:42.83138+00:00');
INSERT INTO `notification_logs` (`id`, `patient_id`, `appointment_id`, `notification_type`, `message`, `sent_at`) VALUES ('1e5c8c65-67e6-42fa-9cbc-001e3741e30f', 'db52d656-bfd9-43d4-9df2-08fb51955b43', 'bdf202a3-e044-41a6-bc96-fa336f65c1d7', 'status_change', 'Appointment status changed to in progress', '2026-04-21T19:30:31.87697+00:00');
INSERT INTO `notification_logs` (`id`, `patient_id`, `appointment_id`, `notification_type`, `message`, `sent_at`) VALUES ('fd57720d-0aff-4b2f-9b3c-3c815410cf58', 'db52d656-bfd9-43d4-9df2-08fb51955b43', 'bdf202a3-e044-41a6-bc96-fa336f65c1d7', 'status_change', 'Appointment status changed to completed', '2026-04-21T19:30:36.632704+00:00');
INSERT INTO `notification_logs` (`id`, `patient_id`, `appointment_id`, `notification_type`, `message`, `sent_at`) VALUES ('dcde996d-d4df-45f0-b91f-8042d2be217a', '39172a26-474f-46bc-b8d2-b66f50121d59', 'fe905cfd-c785-4ebf-ac88-11fc7b135035', 'status_change', 'Appointment status changed to in progress', '2026-04-21T19:30:42.460548+00:00');
INSERT INTO `notification_logs` (`id`, `patient_id`, `appointment_id`, `notification_type`, `message`, `sent_at`) VALUES ('2ae99fdc-e7b5-4835-bf1d-03b438bdd79d', '39172a26-474f-46bc-b8d2-b66f50121d59', 'fe905cfd-c785-4ebf-ac88-11fc7b135035', 'status_change', 'Appointment status changed to completed', '2026-04-21T19:30:44.361395+00:00');
INSERT INTO `notification_logs` (`id`, `patient_id`, `appointment_id`, `notification_type`, `message`, `sent_at`) VALUES ('1e3511bf-e36f-4335-abc9-8ffa889f5eef', 'ac170714-07a3-420a-9b78-8b6f75d30419', 'fe5a594a-5676-4c78-beb7-9fe165e712db', 'status_change', 'Appointment status changed to arrived', '2026-04-21T19:31:01.237329+00:00');
INSERT INTO `notification_logs` (`id`, `patient_id`, `appointment_id`, `notification_type`, `message`, `sent_at`) VALUES ('1af6f35a-6cd4-4eac-a80b-13f3711578eb', 'ac170714-07a3-420a-9b78-8b6f75d30419', 'fe5a594a-5676-4c78-beb7-9fe165e712db', 'status_change', 'Appointment status changed to in progress', '2026-04-21T19:31:04.404424+00:00');
INSERT INTO `notification_logs` (`id`, `patient_id`, `appointment_id`, `notification_type`, `message`, `sent_at`) VALUES ('a20eaf40-ea02-4b09-9a3d-87f1b8b4b6d4', 'ac170714-07a3-420a-9b78-8b6f75d30419', 'fe5a594a-5676-4c78-beb7-9fe165e712db', 'status_change', 'Appointment status changed to completed', '2026-04-21T19:31:06.334881+00:00');
INSERT INTO `notification_logs` (`id`, `patient_id`, `appointment_id`, `notification_type`, `message`, `sent_at`) VALUES ('9bf2a6f3-e1fb-463b-85f8-a1787f88c9cd', '065aad0f-384b-4871-8ab6-ae8155ce1f7f', 'cf9ec946-bc55-4b48-be68-a09b9708bfe4', 'status_change', 'Appointment status changed to arrived', '2026-04-22T13:53:10.862506+00:00');
INSERT INTO `notification_logs` (`id`, `patient_id`, `appointment_id`, `notification_type`, `message`, `sent_at`) VALUES ('2cc293a5-c3ee-43b2-8d3c-68867ee8d2c3', '065aad0f-384b-4871-8ab6-ae8155ce1f7f', 'cf9ec946-bc55-4b48-be68-a09b9708bfe4', 'status_change', 'Appointment status changed to in progress', '2026-04-22T16:49:31.888179+00:00');
INSERT INTO `notification_logs` (`id`, `patient_id`, `appointment_id`, `notification_type`, `message`, `sent_at`) VALUES ('2cb71cb2-7fe4-4f14-8c23-e8f64eafb4fb', '065aad0f-384b-4871-8ab6-ae8155ce1f7f', 'cf9ec946-bc55-4b48-be68-a09b9708bfe4', 'status_change', 'Appointment status changed to completed', '2026-04-22T16:49:34.454584+00:00');
INSERT INTO `notification_logs` (`id`, `patient_id`, `appointment_id`, `notification_type`, `message`, `sent_at`) VALUES ('abcf3bd7-42a0-42cd-a3e9-6cf716794755', '4c2e7b54-489f-4dd1-9ce6-ba822fab9122', '17c8fef4-17c8-452f-adae-7cb0dc048731', 'reminder', 'Appointment reminder sent via SMS', '2026-04-22T16:50:49.727483+00:00');
INSERT INTO `notification_logs` (`id`, `patient_id`, `appointment_id`, `notification_type`, `message`, `sent_at`) VALUES ('d9d9b5b3-0ebe-4489-b0e6-f28dae48dba5', '4c2e7b54-489f-4dd1-9ce6-ba822fab9122', '17c8fef4-17c8-452f-adae-7cb0dc048731', 'reminder', 'Appointment reminder sent via SMS', '2026-04-22T16:51:43.455547+00:00');

-- ----------------------------------------
-- Table: practice_settings (1 rows)
-- ----------------------------------------
INSERT INTO `practice_settings` (`id`, `practice_name`, `doctor_name`, `specialty`, `phone_number`, `address`, `logo_url`, `visit_duration`, `booking_enabled`, `is_closed`, `closure_reason`, `operating_hours`, `custom_patient_fields`, `infobip_api_key`, `infobip_base_url`, `infobip_sender_email`, `created_at`, `updated_at`) VALUES ('488b197f-1d20-4f08-9009-0c6e84419acd', 'Αναστασία Α. Νούλη', 'Νούλη Αναστασία', 'Καρδιολόγος', '2241027443, 6945077647', 'Μιχαήλ Νουάρου 3 | T.K. 85133 | Ρόδος', 'https://qjgjilkndpcwjbtpzwya.supabase.co/storage/v1/object/public/practice-assets/logo-1768909531375.png', 60, 1, 0, NULL, '{"friday": {"evening": {"open": "14:00", "close": "20:00", "enabled": true}, "morning": {"open": "09:00", "close": "13:00", "enabled": false}}, "monday": {"evening": {"open": "14:00", "close": "20:00", "enabled": true}, "morning": {"open": "09:00", "close": "13:00", "enabled": false}}, "sunday": {"evening": {"open": "14:00", "close": "20:00", "enabled": true}, "morning": {"open": "09:00", "close": "13:00", "enabled": false}}, "tuesday": {"evening": {"open": "14:00", "close": "20:00", "enabled": true}, "morning": {"open": "09:00", "close": "13:00", "enabled": false}}, "saturday": {"evening": {"open": "14:00", "close": "20:00", "enabled": true}, "morning": {"open": "09:00", "close": "13:00", "enabled": false}}, "thursday": {"evening": {"open": "14:00", "close": "20:00", "enabled": true}, "morning": {"open": "09:00", "close": "13:00", "enabled": false}}, "wednesday": {"evening": {"open": "14:00", "close": "20:00", "enabled": true}, "morning": {"open": "09:00", "close": "13:00", "enabled": false}}}', '[]', 'ec9d49837ab488138c7f690faeb96422-04ce207e-ca35-4cde-a14e-412d0b01a7b9', '6zjvle.api.infobip.com', 'info@nouli.gr', '2026-01-16T20:29:07.247641+00:00', '2026-04-19T08:54:09.560854+00:00');

SET FOREIGN_KEY_CHECKS=1;
